{"count":1,"gauges":{},"self":74.4783296,"total":80.476795799999991,"children":{"AgentSendState":{"count":3811,"self":0.15452249999999998,"total":0.17516959999999998,"children":{"CollectObservations":{"count":763,"self":0.020647099999999998,"total":0.020647099999999998,"children":null}}},"DecideAction":{"count":3811,"self":5.4852523999999994,"total":5.6275151,"children":{"RayPerceptionSensor.Perceive":{"count":763,"self":0.1422626,"total":0.1422626,"children":null}}},"AgentAct":{"count":3811,"self":0.1947826,"total":0.1947826,"children":null}}}