{"count":1,"gauges":{},"self":7.4789736,"total":7.8449352999999995,"children":{"AgentSendState":{"count":363,"self":0.012356599999999999,"total":0.0143666,"children":{"CollectObservations":{"count":73,"self":0.00201,"total":0.00201,"children":null}}},"DecideAction":{"count":363,"self":0.3285471,"total":0.3356722,"children":{"RayPerceptionSensor.Perceive":{"count":73,"self":0.0071251,"total":0.0071251,"children":null}}},"AgentAct":{"count":363,"self":0.013985599999999999,"total":0.013985599999999999,"children":null}}}