{"count":1,"gauges":{},"self":30.1957216,"total":30.888625299999998,"children":{"AgentSendState":{"count":1523,"self":0.018705199999999998,"total":0.0226622,"children":{"CollectObservations":{"count":305,"self":0.003957,"total":0.003957,"children":null}}},"DecideAction":{"count":1523,"self":0.6370412,"total":0.64596049999999994,"children":{"RayPerceptionSensor.Perceive":{"count":305,"self":0.0089193,"total":0.0089193,"children":null}}},"AgentAct":{"count":1523,"self":0.024280899999999998,"total":0.024280899999999998,"children":null}}}