{"count":1,"gauges":{"LearningCube.CumulativeReward":{"count":2,"max":-28.511694,"min":-72.4188156,"value":-72.4188156,"weightedAverage":-39.4884758}},"self":270.206464,"total":276.0066134,"children":{"AgentSendState":{"count":13777,"self":0.1688787,"total":0.1907594,"children":{"CollectObservations":{"count":2756,"self":0.0218807,"total":0.0218807,"children":null}}},"DecideAction":{"count":13777,"self":5.2835035999999995,"total":5.4345571999999995,"children":{"RayPerceptionSensor.Perceive":{"count":2756,"self":0.15105359999999998,"total":0.15105359999999998,"children":null}}},"AgentAct":{"count":13777,"self":0.1738552,"total":0.1738552,"children":null}}}