{"count":1,"gauges":{"LearningCube.CumulativeReward":{"count":64,"max":85.7353745,"min":-24.0540867,"value":85.43678,"weightedAverage":70.15886}},"self":110.66775039999999,"total":317.13464089999997,"children":{"AgentSendState":{"count":43767,"self":5.6593732,"total":75.6523072,"children":{"CollectObservations":{"count":70032,"self":2.1137072,"total":2.1137072,"children":null},"AgentInfo.ToProto":{"count":70032,"self":3.9260848,"total":67.8792268,"children":{"GenerateSensorData":{"count":70032,"self":60.0475584,"total":63.953142199999995,"children":{"RayPerceptionSensor.Perceive":{"count":70032,"self":3.9055812,"total":3.9055811,"children":null}}}}}}},"DecideAction":{"count":43767,"self":129.2816,"total":129.28160259999999,"children":null},"AgentAct":{"count":43767,"self":1.5230230999999999,"total":1.5320565,"children":{"AgentInfo.ToProto":{"count":64,"self":0.0019367999999999998,"total":0.0090334,"children":{"GenerateSensorData":{"count":64,"self":0.0031124,"total":0.0070966,"children":{"RayPerceptionSensor.Perceive":{"count":64,"self":0.0039842,"total":0.0039842,"children":null}}}}}}}}}